business_name,category,city,address,phone,source
Business_1,Hospital,Delhi,Address 1,9817580229,Sulekha
Business_2,Restaurant,Mumbai,Address 2,9876392335,Sulekha
Business_3,Gym,Delhi,Address 3,9890101046,Justdial
Business_4,Hospital,Mumbai,Address 4,9824941960,Justdial
Business_5,Cafe,Mumbai,Address 5,9869294440,Google
Business_6,School,Mumbai,Address 6,9814506876,Justdial
Business_7,Gym,Delhi,Address 7,9849989757,Justdial
Business_8,Cafe,Bangalore,Address 8,9893028901,Justdial
Business_9,Restaurant,Hyderabad,Address 9,9846104251,Google
Business_10,Cafe,Delhi,Address 10,9857021260,Google
Business_11,Hospital,Hyderabad,Address 11,9896636510,Google
Business_12,Gym,Bangalore,Address 12,9827207535,Sulekha
Business_13,School,Pune,Address 13,9831684682,Google
Business_14,Restaurant,Bangalore,Address 14,9860577105,Sulekha
Business_15,Gym,Pune,Address 15,9890616296,Justdial
Business_16,Restaurant,Pune,Address 16,9843160015,Google
Business_17,Restaurant,Bangalore,Address 17,9861514459,Google
Business_18,Gym,Delhi,Address 18,9824897851,Sulekha
Business_19,Gym,Mumbai,Address 19,9819454483,Justdial
Business_20,School,Pune,Address 20,9882947464,Google
Business_21,Gym,Hyderabad,Address 21,9817505601,Google
Business_22,Hospital,Bangalore,Address 22,9847379294,Google
Business_23,Restaurant,Pune,Address 23,9828752048,Google
Business_24,Restaurant,Mumbai,Address 24,9812948199,Justdial
Business_25,Hospital,Pune,Address 25,9863954718,Google
Business_26,Gym,Hyderabad,Address 26,9878534393,Google
Business_27,Restaurant,Mumbai,Address 27,9849366252,Justdial
Business_28,School,Hyderabad,Address 28,9848836244,Google
Business_29,School,Mumbai,Address 29,9886863801,Sulekha
Business_30,Gym,Pune,Address 30,9834055492,Justdial
Business_31,Cafe,Delhi,Address 31,9889386544,Justdial
Business_32,Hospital,Hyderabad,Address 32,9852057196,Justdial
Business_33,Gym,Hyderabad,Address 33,9830837195,Google
Business_34,Gym,Hyderabad,Address 34,9891407088,Justdial
Business_35,Restaurant,Hyderabad,Address 35,9899541942,Sulekha
Business_36,Restaurant,Delhi,Address 36,9817602367,Sulekha
Business_37,Cafe,Delhi,Address 37,9868289139,Sulekha
Business_38,School,Delhi,Address 38,9847921895,Sulekha
Business_39,Gym,Pune,Address 39,9884708005,Justdial
Business_40,Hospital,Hyderabad,Address 40,9860772416,Justdial
Business_41,School,Delhi,Address 41,9898704012,Sulekha
Business_42,School,Pune,Address 42,9891912182,Google
Business_43,Gym,Hyderabad,Address 43,9866648519,Google
Business_44,Hospital,Delhi,Address 44,9814577814,Sulekha
Business_45,School,Bangalore,Address 45,9859921670,Sulekha
Business_46,School,Bangalore,Address 46,9853797122,Justdial
Business_47,Hospital,Delhi,Address 47,9890258565,Google
Business_48,Cafe,Mumbai,Address 48,9825213733,Justdial
Business_49,Gym,Delhi,Address 49,9840429240,Justdial
Business_50,Gym,Bangalore,Address 50,9822978532,Google
Business_51,School,Delhi,Address 51,9879480582,Sulekha
Business_52,Restaurant,Bangalore,Address 52,9849716280,Sulekha
Business_53,Restaurant,Pune,Address 53,9878491175,Justdial
Business_54,Restaurant,Bangalore,Address 54,9872481456,Google
Business_55,Cafe,Mumbai,Address 55,9850639012,Sulekha
Business_56,Gym,Bangalore,Address 56,9841387972,Google
Business_57,Restaurant,Hyderabad,Address 57,9870577744,Google
Business_58,Hospital,Delhi,Address 58,9897398916,Justdial
Business_59,Hospital,Hyderabad,Address 59,9810072300,Google
Business_60,Hospital,Delhi,Address 60,9875763848,Justdial
Business_61,Cafe,Bangalore,Address 61,9856936419,Sulekha
Business_62,Cafe,Pune,Address 62,9816423699,Sulekha
Business_63,School,Pune,Address 63,9822452523,Google
Business_64,Cafe,Hyderabad,Address 64,9854037201,Sulekha
Business_65,Cafe,Mumbai,Address 65,9885648223,Google
Business_66,Cafe,Mumbai,Address 66,9860204377,Google
Business_67,Gym,Hyderabad,Address 67,9830175166,Google
Business_68,Cafe,Delhi,Address 68,9868433329,Justdial
Business_69,Cafe,Hyderabad,Address 69,9849872485,Sulekha
Business_70,Cafe,Pune,Address 70,9860312802,Google
Business_71,Gym,Bangalore,Address 71,9885270952,Sulekha
Business_72,Gym,Hyderabad,Address 72,9825171975,Sulekha
Business_73,Restaurant,Bangalore,Address 73,9894923252,Justdial
Business_74,Restaurant,Hyderabad,Address 74,9887771774,Sulekha
Business_75,School,Delhi,Address 75,9876659200,Google
Business_76,Hospital,Delhi,Address 76,9811023816,Sulekha
Business_77,Hospital,Pune,Address 77,9884352657,Sulekha
Business_78,School,Mumbai,Address 78,9849655221,Sulekha
Business_79,Gym,Hyderabad,Address 79,9817375990,Sulekha
Business_80,Restaurant,Hyderabad,Address 80,9849861091,Justdial
Business_81,Hospital,Pune,Address 81,9866689123,Google
Business_82,Cafe,Pune,Address 82,9823049676,Sulekha
Business_83,Gym,Hyderabad,Address 83,9876272650,Sulekha
Business_84,Gym,Pune,Address 84,9823081693,Sulekha
Business_85,Restaurant,Mumbai,Address 85,9812714412,Sulekha
Business_86,Hospital,Bangalore,Address 86,9861047657,Justdial
Business_87,Gym,Mumbai,Address 87,9825503491,Google
Business_88,Hospital,Hyderabad,Address 88,9828828023,Justdial
Business_89,Hospital,Hyderabad,Address 89,9852991763,Justdial
Business_90,Gym,Bangalore,Address 90,9828948503,Sulekha
Business_91,Hospital,Delhi,Address 91,9822225240,Google
Business_92,School,Pune,Address 92,9879910038,Justdial
Business_93,Restaurant,Mumbai,Address 93,9838727725,Google
Business_94,Cafe,Hyderabad,Address 94,9858795101,Sulekha
Business_95,Gym,Delhi,Address 95,9887380327,Justdial
Business_96,School,Pune,Address 96,9851488829,Google
Business_97,Hospital,Hyderabad,Address 97,9813756952,Google
Business_98,School,Mumbai,Address 98,9813093725,Sulekha
Business_99,Restaurant,Bangalore,Address 99,9822392444,Google
Business_100,Gym,Bangalore,Address 100,9890598426,Google
Business_101,Restaurant,Bangalore,Address 101,9877734099,Sulekha
Business_102,School,Bangalore,Address 102,9876989501,Sulekha
Business_103,Hospital,Hyderabad,Address 103,9899468599,Google
Business_104,Cafe,Bangalore,Address 104,9845736748,Sulekha
Business_105,Restaurant,Hyderabad,Address 105,9899558982,Justdial
Business_106,Gym,Mumbai,Address 106,9843506998,Justdial
Business_107,Cafe,Bangalore,Address 107,9838550615,Justdial
Business_108,Gym,Pune,Address 108,9862628797,Justdial
Business_109,Restaurant,Mumbai,Address 109,9816229787,Sulekha
Business_110,Gym,Delhi,Address 110,9814131961,Sulekha
Business_111,Restaurant,Pune,Address 111,9858654043,Google
Business_112,School,Pune,Address 112,9818606992,Google
Business_113,Hospital,Delhi,Address 113,9862961759,Justdial
Business_114,Restaurant,Bangalore,Address 114,9853838261,Justdial
Business_115,Cafe,Delhi,Address 115,9894045798,Justdial
Business_116,School,Pune,Address 116,9869008820,Justdial
Business_117,Restaurant,Mumbai,Address 117,9851809755,Justdial
Business_118,Cafe,Bangalore,Address 118,9892349955,Sulekha
Business_119,Restaurant,Pune,Address 119,9856978775,Sulekha
Business_120,Restaurant,Hyderabad,Address 120,9854678758,Justdial
Business_121,School,Bangalore,Address 121,9835769751,Sulekha
Business_122,School,Delhi,Address 122,9818539966,Sulekha
Business_123,Gym,Hyderabad,Address 123,9825843109,Sulekha
Business_124,Cafe,Pune,Address 124,9854874285,Justdial
Business_125,Cafe,Hyderabad,Address 125,9845258340,Google
Business_126,School,Mumbai,Address 126,9820783553,Google
Business_127,School,Bangalore,Address 127,9897792466,Google
Business_128,Cafe,Hyderabad,Address 128,9840200260,Sulekha
Business_129,Cafe,Hyderabad,Address 129,9868053131,Google
Business_130,Restaurant,Delhi,Address 130,9864298069,Google
Business_131,Cafe,Delhi,Address 131,9871860670,Google
Business_132,Gym,Pune,Address 132,9873500173,Google
Business_133,Hospital,Delhi,Address 133,9825210999,Justdial
Business_134,School,Hyderabad,Address 134,9810965306,Google
Business_135,Hospital,Mumbai,Address 135,9823343132,Sulekha
Business_136,Restaurant,Hyderabad,Address 136,9831576554,Sulekha
Business_137,School,Pune,Address 137,9819171300,Justdial
Business_138,Gym,Pune,Address 138,9827235945,Google
Business_139,Gym,Mumbai,Address 139,9816490238,Sulekha
Business_140,Restaurant,Pune,Address 140,9898418025,Sulekha
Business_141,Restaurant,Hyderabad,Address 141,9875178357,Sulekha
Business_142,School,Pune,Address 142,9882018223,Justdial
Business_143,Hospital,Pune,Address 143,9839435924,Justdial
Business_144,Gym,Hyderabad,Address 144,9835365704,Sulekha
Business_145,Restaurant,Mumbai,Address 145,9839371182,Justdial
Business_146,Hospital,Mumbai,Address 146,9874696588,Sulekha
Business_147,School,Delhi,Address 147,9873582428,Google
Business_148,School,Hyderabad,Address 148,9857127647,Justdial
Business_149,Cafe,Mumbai,Address 149,9821579658,Google
Business_150,Hospital,Delhi,Address 150,9828075198,Google
Business_151,Gym,Hyderabad,Address 151,9811054397,Justdial
Business_152,Gym,Hyderabad,Address 152,9871053291,Sulekha
Business_153,Gym,Delhi,Address 153,9896361142,Sulekha
Business_154,Gym,Bangalore,Address 154,9852544596,Justdial
Business_155,School,Mumbai,Address 155,9854336886,Google
Business_156,Restaurant,Delhi,Address 156,9859156168,Sulekha
Business_157,School,Delhi,Address 157,9895827658,Google
Business_158,Gym,Delhi,Address 158,9889904677,Sulekha
Business_159,Gym,Pune,Address 159,9896874919,Sulekha
Business_160,School,Mumbai,Address 160,9848776758,Sulekha
Business_161,Gym,Pune,Address 161,9845044871,Google
Business_162,Hospital,Mumbai,Address 162,9898222246,Google
Business_163,Restaurant,Mumbai,Address 163,9835370502,Google
Business_164,Hospital,Bangalore,Address 164,9872228115,Google
Business_165,Cafe,Bangalore,Address 165,9875729612,Justdial
Business_166,Hospital,Pune,Address 166,9823820616,Sulekha
Business_167,School,Hyderabad,Address 167,9896840752,Google
Business_168,Cafe,Pune,Address 168,9819524185,Sulekha
Business_169,Hospital,Bangalore,Address 169,9828927880,Google
Business_170,Restaurant,Delhi,Address 170,9815995047,Sulekha
Business_171,Cafe,Hyderabad,Address 171,9859426528,Sulekha
Business_172,Gym,Mumbai,Address 172,9826328190,Sulekha
Business_173,Restaurant,Bangalore,Address 173,9826725577,Google
Business_174,Restaurant,Mumbai,Address 174,9892558771,Justdial
Business_175,School,Delhi,Address 175,9868176648,Justdial
Business_176,Restaurant,Mumbai,Address 176,9876986014,Google
Business_177,Restaurant,Delhi,Address 177,9877090576,Google
Business_178,Hospital,Pune,Address 178,9876604741,Google
Business_179,Hospital,Pune,Address 179,9862477370,Justdial
Business_180,Gym,Bangalore,Address 180,9873739226,Justdial
Business_181,Cafe,Hyderabad,Address 181,9885518341,Justdial
Business_182,School,Mumbai,Address 182,9839887487,Sulekha
Business_183,Hospital,Pune,Address 183,9836873019,Justdial
Business_184,School,Hyderabad,Address 184,9866977174,Sulekha
Business_185,Hospital,Hyderabad,Address 185,9846646218,Google
Business_186,Cafe,Bangalore,Address 186,9855057061,Justdial
Business_187,Cafe,Hyderabad,Address 187,9886234660,Google
Business_188,Cafe,Delhi,Address 188,9842983242,Justdial
Business_189,School,Bangalore,Address 189,9884730855,Google
Business_190,School,Mumbai,Address 190,9829755776,Google
Business_191,School,Delhi,Address 191,9868574917,Justdial
Business_192,Restaurant,Hyderabad,Address 192,9832389531,Justdial
Business_193,Gym,Pune,Address 193,9888092634,Justdial
Business_194,School,Pune,Address 194,9873094763,Justdial
Business_195,Restaurant,Hyderabad,Address 195,9818486478,Justdial
Business_196,Cafe,Pune,Address 196,9858149257,Google
Business_197,Hospital,Pune,Address 197,9859050310,Sulekha
Business_198,Hospital,Bangalore,Address 198,9869649041,Justdial
Business_199,Cafe,Mumbai,Address 199,9862554672,Justdial
Business_200,Hospital,Bangalore,Address 200,9896335944,Justdial
Business_201,Hospital,Delhi,Address 201,9868963259,Justdial
Business_202,Gym,Delhi,Address 202,9891527396,Sulekha
Business_203,Restaurant,Mumbai,Address 203,9898424986,Google
Business_204,Gym,Delhi,Address 204,9810674561,Justdial
Business_205,Gym,Hyderabad,Address 205,9831850848,Sulekha
Business_206,Restaurant,Bangalore,Address 206,9855170141,Sulekha
Business_207,Hospital,Bangalore,Address 207,9860232986,Google
Business_208,Restaurant,Pune,Address 208,9844560838,Sulekha
Business_209,Restaurant,Hyderabad,Address 209,9857575350,Sulekha
Business_210,School,Pune,Address 210,9822693577,Sulekha
Business_211,School,Mumbai,Address 211,9812510296,Google
Business_212,Hospital,Delhi,Address 212,9893696811,Sulekha
Business_213,Gym,Mumbai,Address 213,9899255250,Justdial
Business_214,Cafe,Pune,Address 214,9882471530,Sulekha
Business_215,Cafe,Mumbai,Address 215,9824702701,Justdial
Business_216,Hospital,Hyderabad,Address 216,9857490820,Sulekha
Business_217,Gym,Hyderabad,Address 217,9863380115,Google
Business_218,Cafe,Bangalore,Address 218,9812911831,Google
Business_219,Restaurant,Bangalore,Address 219,9888222538,Justdial
Business_220,School,Delhi,Address 220,9886565224,Google
Business_221,Restaurant,Bangalore,Address 221,9883307539,Justdial
Business_222,Hospital,Hyderabad,Address 222,9829267886,Justdial
Business_223,School,Pune,Address 223,9821304832,Justdial
Business_224,School,Bangalore,Address 224,9877956002,Justdial
Business_225,Gym,Mumbai,Address 225,9871766872,Sulekha
Business_226,Hospital,Hyderabad,Address 226,9851269379,Google
Business_227,Cafe,Bangalore,Address 227,9848173691,Justdial
Business_228,Gym,Delhi,Address 228,9835684272,Justdial
Business_229,Hospital,Bangalore,Address 229,9840817604,Sulekha
Business_230,Restaurant,Delhi,Address 230,9871033878,Justdial
Business_231,Restaurant,Bangalore,Address 231,9899216793,Google
Business_232,Gym,Pune,Address 232,9866901240,Google
Business_233,Cafe,Pune,Address 233,9845967579,Justdial
Business_234,Cafe,Delhi,Address 234,9859857684,Sulekha
Business_235,Cafe,Hyderabad,Address 235,9817398297,Sulekha
Business_236,Restaurant,Delhi,Address 236,9876871410,Google
Business_237,Restaurant,Mumbai,Address 237,9861080655,Google
Business_238,Restaurant,Mumbai,Address 238,9815643553,Sulekha
Business_239,Gym,Delhi,Address 239,9882851914,Justdial
Business_240,Gym,Mumbai,Address 240,9824036275,Sulekha
Business_241,Hospital,Delhi,Address 241,9868548366,Justdial
Business_242,Hospital,Mumbai,Address 242,9868969843,Justdial
Business_243,Gym,Pune,Address 243,9825438200,Google
Business_244,Cafe,Hyderabad,Address 244,9818817419,Justdial
Business_245,Cafe,Bangalore,Address 245,9868529503,Sulekha
Business_246,Gym,Pune,Address 246,9870028154,Justdial
Business_247,Restaurant,Hyderabad,Address 247,9892889699,Sulekha
Business_248,Gym,Hyderabad,Address 248,9829405580,Justdial
Business_249,School,Mumbai,Address 249,9876069998,Google
Business_250,Restaurant,Hyderabad,Address 250,9884659654,Sulekha
Business_251,School,Hyderabad,Address 251,9814570808,Justdial
Business_252,Gym,Bangalore,Address 252,9863392068,Justdial
Business_253,Hospital,Mumbai,Address 253,9878493033,Sulekha
Business_254,School,Bangalore,Address 254,9893012526,Justdial
Business_255,School,Bangalore,Address 255,9832950471,Google
Business_256,School,Mumbai,Address 256,9854153378,Sulekha
Business_257,Gym,Hyderabad,Address 257,9824760411,Justdial
Business_258,School,Mumbai,Address 258,9843115712,Justdial
Business_259,School,Mumbai,Address 259,9889710928,Google
Business_260,Gym,Pune,Address 260,9810605731,Justdial
Business_261,Gym,Pune,Address 261,9879510210,Google
Business_262,Cafe,Mumbai,Address 262,9832666114,Sulekha
Business_263,Cafe,Hyderabad,Address 263,9839754253,Sulekha
Business_264,Gym,Bangalore,Address 264,9851142558,Sulekha
Business_265,Cafe,Delhi,Address 265,9863571645,Google
Business_266,School,Hyderabad,Address 266,9859783864,Justdial
Business_267,Gym,Mumbai,Address 267,9814664923,Sulekha
Business_268,Hospital,Mumbai,Address 268,9844037276,Justdial
Business_269,Hospital,Pune,Address 269,9854213871,Google
Business_270,Gym,Bangalore,Address 270,9868981107,Sulekha
Business_271,Restaurant,Mumbai,Address 271,9836572920,Justdial
Business_272,Hospital,Hyderabad,Address 272,9849249761,Sulekha
Business_273,Hospital,Bangalore,Address 273,9898314582,Google
Business_274,Hospital,Mumbai,Address 274,9864467733,Justdial
Business_275,Restaurant,Pune,Address 275,9813175323,Sulekha
Business_276,School,Delhi,Address 276,9878848100,Google
Business_277,Restaurant,Delhi,Address 277,9898202294,Justdial
Business_278,Gym,Bangalore,Address 278,9814468746,Google
Business_279,School,Pune,Address 279,9883210141,Sulekha
Business_280,Restaurant,Delhi,Address 280,9860409245,Sulekha
Business_281,Restaurant,Pune,Address 281,9863875909,Sulekha
Business_282,Cafe,Hyderabad,Address 282,9888351476,Sulekha
Business_283,Restaurant,Bangalore,Address 283,9876950886,Sulekha
Business_284,Hospital,Mumbai,Address 284,9843313073,Sulekha
Business_285,Gym,Mumbai,Address 285,9831112346,Google
Business_286,Hospital,Hyderabad,Address 286,9848116005,Google
Business_287,Hospital,Delhi,Address 287,9899602147,Sulekha
Business_288,Restaurant,Hyderabad,Address 288,9892544198,Justdial
Business_289,Hospital,Pune,Address 289,9821378527,Google
Business_290,School,Mumbai,Address 290,9874447650,Sulekha
Business_291,Restaurant,Hyderabad,Address 291,9856110672,Google
Business_292,Gym,Hyderabad,Address 292,9876930726,Justdial
Business_293,Hospital,Delhi,Address 293,9874066462,Justdial
Business_294,Hospital,Bangalore,Address 294,9828108930,Google
Business_295,School,Hyderabad,Address 295,9866532466,Justdial
Business_296,Gym,Mumbai,Address 296,9821808396,Sulekha
Business_297,Cafe,Pune,Address 297,9830725226,Justdial
Business_298,School,Delhi,Address 298,9871374300,Sulekha
Business_299,Cafe,Pune,Address 299,9818370002,Justdial
Business_300,Gym,Mumbai,Address 300,9814576552,Google
Business_301,Restaurant,Delhi,Address 301,9822495583,Sulekha
Business_302,School,Hyderabad,Address 302,9898557932,Justdial
Business_303,Gym,Hyderabad,Address 303,9832257175,Google
Business_304,Hospital,Delhi,Address 304,9867610741,Google
Business_305,School,Pune,Address 305,9823191092,Google
Business_306,School,Mumbai,Address 306,9863293461,Justdial
Business_307,Hospital,Mumbai,Address 307,9891603147,Sulekha
Business_308,Restaurant,Bangalore,Address 308,9869284284,Sulekha
Business_309,Restaurant,Delhi,Address 309,9895708670,Justdial
Business_310,Hospital,Mumbai,Address 310,9826882781,Justdial
Business_311,Hospital,Pune,Address 311,9881766481,Sulekha
Business_312,Hospital,Pune,Address 312,9841059032,Justdial
Business_313,School,Delhi,Address 313,9869873895,Justdial
Business_314,Hospital,Mumbai,Address 314,9817172550,Sulekha
Business_315,Restaurant,Delhi,Address 315,9812562995,Google
Business_316,School,Bangalore,Address 316,9842510013,Sulekha
Business_317,Hospital,Delhi,Address 317,9846315154,Sulekha
Business_318,Cafe,Pune,Address 318,9873283922,Justdial
Business_319,Hospital,Delhi,Address 319,9855145481,Justdial
Business_320,School,Mumbai,Address 320,9853177611,Sulekha
Business_321,Restaurant,Hyderabad,Address 321,9845373784,Google
Business_322,Gym,Mumbai,Address 322,9813100222,Justdial
Business_323,Hospital,Mumbai,Address 323,9842552360,Justdial
Business_324,Cafe,Pune,Address 324,9888632516,Google
Business_325,Hospital,Hyderabad,Address 325,9876610882,Justdial
Business_326,Cafe,Delhi,Address 326,9833379089,Justdial
Business_327,Gym,Hyderabad,Address 327,9865007519,Sulekha
Business_328,Gym,Pune,Address 328,9872721492,Sulekha
Business_329,Cafe,Mumbai,Address 329,9882468142,Google
Business_330,School,Pune,Address 330,9886849138,Google
Business_331,Gym,Hyderabad,Address 331,9833277766,Justdial
Business_332,Gym,Delhi,Address 332,9832126396,Sulekha
Business_333,Gym,Hyderabad,Address 333,9886585462,Google
Business_334,Cafe,Mumbai,Address 334,9880598583,Justdial
Business_335,Gym,Pune,Address 335,9828408184,Justdial
Business_336,Gym,Pune,Address 336,9885996474,Google
Business_337,Restaurant,Bangalore,Address 337,9885805152,Google
Business_338,Hospital,Delhi,Address 338,9854675790,Justdial
Business_339,Restaurant,Hyderabad,Address 339,9811171278,Google
Business_340,Hospital,Pune,Address 340,9876546223,Sulekha
Business_341,Cafe,Hyderabad,Address 341,9817793663,Justdial
Business_342,Hospital,Pune,Address 342,9876460411,Google
Business_343,Cafe,Delhi,Address 343,9872398264,Justdial
Business_344,Hospital,Hyderabad,Address 344,9898203396,Sulekha
Business_345,Restaurant,Delhi,Address 345,9811267314,Google
Business_346,Cafe,Delhi,Address 346,9872784154,Justdial
Business_347,Cafe,Delhi,Address 347,9819069194,Google
Business_348,Gym,Mumbai,Address 348,9876856451,Sulekha
Business_349,Restaurant,Bangalore,Address 349,9890140719,Sulekha
Business_350,Gym,Pune,Address 350,9858760468,Justdial
Business_351,Hospital,Hyderabad,Address 351,9859125152,Sulekha
Business_352,Gym,Delhi,Address 352,9833693366,Google
Business_353,Cafe,Mumbai,Address 353,9820524519,Sulekha
Business_354,School,Pune,Address 354,9819609611,Google
Business_355,Hospital,Bangalore,Address 355,9870181048,Justdial
Business_356,Hospital,Hyderabad,Address 356,9898650687,Justdial
Business_357,Restaurant,Bangalore,Address 357,9882516464,Justdial
Business_358,Gym,Pune,Address 358,9858619922,Justdial
Business_359,Hospital,Pune,Address 359,9864383932,Justdial
Business_360,Hospital,Pune,Address 360,9864552672,Sulekha
Business_361,School,Bangalore,Address 361,9864555296,Google
Business_362,Hospital,Delhi,Address 362,9868106648,Sulekha
Business_363,Cafe,Bangalore,Address 363,9824950177,Sulekha
Business_364,Gym,Pune,Address 364,9840922775,Sulekha
Business_365,Cafe,Pune,Address 365,9827390472,Justdial
Business_366,Restaurant,Bangalore,Address 366,9867459193,Justdial
Business_367,Cafe,Hyderabad,Address 367,9813646121,Justdial
Business_368,Gym,Bangalore,Address 368,9871373852,Justdial
Business_369,Cafe,Mumbai,Address 369,9819018193,Sulekha
Business_370,Hospital,Delhi,Address 370,9861673813,Sulekha
Business_371,School,Hyderabad,Address 371,9860897276,Sulekha
Business_372,Restaurant,Mumbai,Address 372,9860629476,Google
Business_373,Hospital,Hyderabad,Address 373,9843743104,Justdial
Business_374,Restaurant,Hyderabad,Address 374,9872736106,Justdial
Business_375,School,Delhi,Address 375,9816583419,Sulekha
Business_376,School,Delhi,Address 376,9854370755,Sulekha
Business_377,School,Hyderabad,Address 377,9843229291,Sulekha
Business_378,Cafe,Mumbai,Address 378,9877077840,Sulekha
Business_379,Hospital,Pune,Address 379,9871070491,Sulekha
Business_380,Hospital,Delhi,Address 380,9876117192,Google
Business_381,Gym,Hyderabad,Address 381,9865413301,Justdial
Business_382,Gym,Hyderabad,Address 382,9827041287,Sulekha
Business_383,Gym,Pune,Address 383,9849230096,Sulekha
Business_384,Gym,Delhi,Address 384,9820688857,Google
Business_385,Hospital,Delhi,Address 385,9852107067,Justdial
Business_386,Gym,Bangalore,Address 386,9852554755,Justdial
Business_387,Cafe,Pune,Address 387,9846277111,Sulekha
Business_388,Restaurant,Hyderabad,Address 388,9897523941,Sulekha
Business_389,Hospital,Hyderabad,Address 389,9852426496,Google
Business_390,Hospital,Hyderabad,Address 390,9837112779,Justdial
Business_391,Gym,Bangalore,Address 391,9844204066,Justdial
Business_392,Restaurant,Mumbai,Address 392,9815942008,Google
Business_393,Hospital,Mumbai,Address 393,9832705577,Google
Business_394,Hospital,Bangalore,Address 394,9810531319,Sulekha
Business_395,Gym,Hyderabad,Address 395,9839500979,Justdial
Business_396,Restaurant,Mumbai,Address 396,9832143193,Sulekha
Business_397,Cafe,Delhi,Address 397,9882017038,Google
Business_398,Hospital,Delhi,Address 398,9814554506,Sulekha
Business_399,Gym,Bangalore,Address 399,9854756391,Justdial
Business_400,School,Hyderabad,Address 400,9816096703,Google
Business_401,Cafe,Pune,Address 401,9897949486,Sulekha
Business_402,Hospital,Delhi,Address 402,9811545996,Justdial
Business_403,Gym,Hyderabad,Address 403,9847057389,Justdial
Business_404,Restaurant,Delhi,Address 404,9829107158,Sulekha
Business_405,Cafe,Pune,Address 405,9816044683,Sulekha
Business_406,School,Delhi,Address 406,9863397379,Google
Business_407,Cafe,Delhi,Address 407,9887859268,Sulekha
Business_408,Hospital,Bangalore,Address 408,9819974893,Sulekha
Business_409,Gym,Delhi,Address 409,9827946854,Google
Business_410,Cafe,Delhi,Address 410,9855262712,Google
Business_411,Hospital,Bangalore,Address 411,9829056809,Justdial
Business_412,Restaurant,Bangalore,Address 412,9881686927,Google
Business_413,Restaurant,Delhi,Address 413,9810417065,Google
Business_414,School,Mumbai,Address 414,9892819919,Sulekha
Business_415,Hospital,Hyderabad,Address 415,9839869851,Sulekha
Business_416,Cafe,Delhi,Address 416,9839174585,Justdial
Business_417,Restaurant,Delhi,Address 417,9834205185,Google
Business_418,Gym,Bangalore,Address 418,9842482255,Google
Business_419,School,Delhi,Address 419,9899862567,Sulekha
Business_420,School,Hyderabad,Address 420,9889028018,Justdial
Business_421,Gym,Pune,Address 421,9837515363,Justdial
Business_422,Hospital,Hyderabad,Address 422,9833384902,Sulekha
Business_423,Cafe,Bangalore,Address 423,9886674026,Justdial
Business_424,School,Mumbai,Address 424,9857007527,Justdial
Business_425,School,Bangalore,Address 425,9866371011,Google
Business_426,Gym,Mumbai,Address 426,9896376262,Justdial
Business_427,Restaurant,Hyderabad,Address 427,9892327239,Justdial
Business_428,Restaurant,Hyderabad,Address 428,9845474395,Google
Business_429,Gym,Hyderabad,Address 429,9890244459,Justdial
Business_430,Hospital,Mumbai,Address 430,9892780799,Justdial
Business_431,Restaurant,Hyderabad,Address 431,9848614914,Google
Business_432,School,Pune,Address 432,9884981397,Google
Business_433,School,Delhi,Address 433,9816888474,Sulekha
Business_434,Gym,Hyderabad,Address 434,9811903880,Google
Business_435,Cafe,Hyderabad,Address 435,9883619763,Justdial
Business_436,Restaurant,Bangalore,Address 436,9890371571,Justdial
Business_437,Restaurant,Pune,Address 437,9834368839,Google
Business_438,Restaurant,Pune,Address 438,9835367698,Sulekha
Business_439,Restaurant,Bangalore,Address 439,9830740883,Justdial
Business_440,Restaurant,Bangalore,Address 440,9858275482,Sulekha
Business_441,Restaurant,Bangalore,Address 441,9890603690,Sulekha
Business_442,Restaurant,Hyderabad,Address 442,9812367436,Google
Business_443,Restaurant,Mumbai,Address 443,9880904337,Google
Business_444,Cafe,Mumbai,Address 444,9880394311,Justdial
Business_445,Restaurant,Delhi,Address 445,9882391764,Sulekha
Business_446,Hospital,Pune,Address 446,9862008046,Justdial
Business_447,Cafe,Delhi,Address 447,9871452286,Google
Business_448,School,Mumbai,Address 448,9832221202,Sulekha
Business_449,Cafe,Bangalore,Address 449,9889185702,Justdial
Business_450,School,Hyderabad,Address 450,9892915470,Justdial
Business_451,Gym,Hyderabad,Address 451,9822532622,Sulekha
Business_452,School,Delhi,Address 452,9829592525,Google
Business_453,Gym,Bangalore,Address 453,9849458842,Justdial
Business_454,Gym,Hyderabad,Address 454,9859302834,Justdial
Business_455,Gym,Delhi,Address 455,9822302482,Google
Business_456,Hospital,Bangalore,Address 456,9879848420,Google
Business_457,Gym,Bangalore,Address 457,9817516818,Sulekha
Business_458,Cafe,Bangalore,Address 458,9828214615,Google
Business_459,Hospital,Hyderabad,Address 459,9851648985,Sulekha
Business_460,School,Hyderabad,Address 460,9889370306,Sulekha
Business_461,School,Pune,Address 461,9872880348,Google
Business_462,Restaurant,Delhi,Address 462,9845383609,Google
Business_463,Cafe,Mumbai,Address 463,9887736550,Google
Business_464,School,Mumbai,Address 464,9864927007,Justdial
Business_465,School,Bangalore,Address 465,9863412208,Sulekha
Business_466,Gym,Pune,Address 466,9888343777,Justdial
Business_467,Cafe,Mumbai,Address 467,9815456932,Sulekha
Business_468,School,Pune,Address 468,9840585326,Sulekha
Business_469,Hospital,Bangalore,Address 469,9811481225,Sulekha
Business_470,Gym,Hyderabad,Address 470,9853578796,Google
Business_471,Restaurant,Bangalore,Address 471,9857511666,Sulekha
Business_472,Hospital,Hyderabad,Address 472,9892490099,Sulekha
Business_473,Cafe,Delhi,Address 473,9882771783,Justdial
Business_474,Cafe,Bangalore,Address 474,9857410464,Justdial
Business_475,Gym,Bangalore,Address 475,9894606584,Google
Business_476,Restaurant,Delhi,Address 476,9851597392,Sulekha
Business_477,School,Hyderabad,Address 477,9864342245,Sulekha
Business_478,Hospital,Mumbai,Address 478,9810199536,Justdial
Business_479,School,Pune,Address 479,9816591650,Justdial
Business_480,Gym,Bangalore,Address 480,9834419217,Google
Business_481,Cafe,Bangalore,Address 481,9849651396,Google
Business_482,Gym,Bangalore,Address 482,9858156433,Justdial
Business_483,Gym,Mumbai,Address 483,9868858173,Justdial
Business_484,Hospital,Bangalore,Address 484,9879600805,Justdial
Business_485,Restaurant,Delhi,Address 485,9870726632,Google
Business_486,Restaurant,Mumbai,Address 486,9891361647,Sulekha
Business_487,School,Hyderabad,Address 487,9859412525,Google
Business_488,Hospital,Bangalore,Address 488,9895028069,Sulekha
Business_489,Gym,Hyderabad,Address 489,9870489211,Google
Business_490,Cafe,Hyderabad,Address 490,9899433705,Sulekha
Business_491,Restaurant,Delhi,Address 491,9838424026,Sulekha
Business_492,School,Mumbai,Address 492,9853846992,Justdial
Business_493,Restaurant,Pune,Address 493,9867749302,Google
Business_494,Gym,Pune,Address 494,9884483795,Google
Business_495,Cafe,Delhi,Address 495,9896750686,Justdial
Business_496,Cafe,Delhi,Address 496,9853884701,Google
Business_497,Gym,Bangalore,Address 497,9872964909,Sulekha
Business_498,Cafe,Hyderabad,Address 498,9852660883,Justdial
Business_499,Cafe,Bangalore,Address 499,9845907683,Sulekha
Business_500,Gym,Mumbai,Address 500,9862704969,Justdial
